product_name,customer_rating,identification_number,brand,currency,price
Jurassic World Dominion: Roar Strikers Triceratops Dinosaur Figure,4.9/5,204998001,Jurassic World,£,13.99
Jurassic World Legacy Collection Apatosaurus Dinosaur,4.7/5,193266,Jurassic World,£,34.99
Jurassic World Dominion: Roar Strikers Iguanodon Dinosaur,4.8/5,204998008,Jurassic World,£,12.99
Jurassic World Gigantic Trackers Sinotyrannus Dinosaur Figure,5.0/5,216942,Jurassic World,£,25.99
Jurassic World Legacy Collection: Isla Sorna Dinosaur Capture Vehicle,4.8/5,204590,Jurassic World,£,19.99
Jurassic World Kids LED Watch,3.6/5,201251,Jurassic World,£,6.99
Jurassic World 35cm Blue Raptor Dinosaur Soft Toy,4.8/5,196522,Jurassic World,£,16.99
Heroes of Goo Jit Zu Jurassic World Minis Mega 6 Pack,4.7/5,206184,Heroes of,£,8.00
Ravensburger Jurassic World Classic 4x 100-piece Jigsaw Puzzle Bumper Pack,5.0/5,203117,Ravensburger Jurassic,£,8.00
Jurassic World Dino Egg Soft Toy Movie Assortment,nan/5,207789,Jurassic World,£,5.99
Jurassic World Dominion: Roar Strikers Sinoceratops Dinosaur,4.7/5,204998010,Jurassic World,£,9.99
Jurassic World Danger Pack Elaphrosaurus Dinosaur Figure,5.0/5,216944004,Jurassic World,£,14.99
Jurassic World Dominion: Massive Action Siamosaurus Dinosaur,5.0/5,204999004,Jurassic World,£,15.00
Jurassic World Dominion: Dreadnoughtus Dinosaur Figure,5.0/5,206881,Jurassic World,£,49.99
Jurassic World Wild Roar Eocarcharia Dinosaur Figure,5.0/5,216939,Jurassic World,£,16.99
Jurassic World Wild Roar Diabloceratops Dinosaur Figure,5.0/5,216938,Jurassic World,£,16.99
Jurassic World Dominion: Super Colossal Atrociraptor Dinosaur Figure,4.3/5,203685,Jurassic World,£,50.99
Jurassic World Dominion: Roar Strikers Ichthyovenator Dinosaur,5.0/5,204998011,Jurassic World,£,9.99
Jurassic World Dominion: Roar Strikers Pteranodon Dinosaur,5.0/5,204998009,Jurassic World,£,9.99
Jurassic World Kids' Wireless Bluetooth Headphones,4.7/5,208850,Jurassic World,£,29.99
Jurassic World Laser Tag Blasters,4.7/5,168634,Jurassic World,£,24.99
Jurassic World: Captivz Slime Egg Dominion Edition Assortment,nan/5,213454,Jurassic World:,£,2.99
LEGO DUPLO 10938 Jurassic World Dinosaur Nursery Toy,4.9/5,203899,LEGO DUPLO,£,17.99
Jurassic World Wild Roar Dryptosaurus Dinosaur Figure,5.0/5,216937,Jurassic World,£,16.99
Jurassic World Ankylosaurus 'Bumpy' Dinosaur Plush Toy,4.4/5,198970,Jurassic World,£,19.99
Jurassic World: Camp Cretaceous Plush Dinosaur Angel,4.0/5,216936,Jurassic World:,£,29.99
LEGO Jurassic World 76943  Pteranodon Chase Dinosaur Toy Playset,4.7/5,203992,LEGO Jurassic,£,13.99
Jurassic World Danger Pack Nothosaurus Dinosaur Figure,nan/5,216944003,Jurassic World,£,14.99
Jurassic World Gigantic Tracker Stegosaurus,nan/5,216941,Jurassic World,£,25.99
Jurassic World Danger Pack - Xuanhanosaurus Action Figure,nan/5,216944007,Jurassic World,£,14.99
Imaginext Jurassic World Mega Mouth T Rex Escape,4.9/5,193214,Imaginext Jurassic,£,34.99
Jurassic World Dominion: Tyrannosaurus Rex Chomp N Roar Mask Dinosaur Toy,4.6/5,205002,Jurassic World,£,37.99
Jurassic World Danger Pack - Piatnitzkysaurus Action Figure,nan/5,216944006,Jurassic World,£,14.99
Jurassic World Danger Pack - Tupandactylus Action Figure,nan/5,216944005,Jurassic World,£,14.99
Jurassic World Dominion: Slashin’ Slasher Attack Therizinosaurus Action & Sounds Dinosaur,4.8/5,205000,Jurassic World,£,11.99
LEGO Jurassic World 76948 T. Rex & Atrociraptor Dinosaur Toy,4.5/5,203997,LEGO Jurassic,£,72.99
Jurassic World Dominion Strike ‘N' Roar Giganotosaurus,4.6/5,210187,Jurassic World,£,34.99
LEGO Jurassic World 76947 Quetzalcoatlus Plane Ambush Toy,4.8/5,203996,LEGO Jurassic,£,34.99
LEGO Jurassic World  76950 Triceratops Dinosaur Pickup Truck Toy,4.9/5,204059,LEGO Jurassic,£,44.99
Jurassic World Kids Smart Watch,4.2/5,209069,Jurassic World,£,19.99
LEGO Jurassic World 76944 T. Rex Dinosaur Breakout Toy Set,4.7/5,203993,LEGO Jurassic,£,39.99
LEGO Jurassic World 76946 Blue & Beta Velociraptor Capture Toy,4.8/5,203995,LEGO Jurassic,£,22.99
Jurassic World Wild Roar Kronosaurus Dinosaur Figure,nan/5,216940,Jurassic World,£,16.99
Jurassic World Chomp 'n Roar Mask Velociraptor 'Blue',4.5/5,165791,Jurassic World,£,34.99
Jurassic World Track 'N Attack Indoraptor Dinosaur Figure,5.0/5,216943,Jurassic World,£,32.99
Jurassic World Dominion: Thrash ‘N' Devour Tyrannosaurus Rex Dinosaur Figure,4.9/5,205001,Jurassic World,£,29.99
Jurassic World Legacy Collection Tyrannosaurus Rex Escape Pack,4.9/5,193265,Jurassic World,£,29.99
Imaginext Jurassic World Dominion: Break Out Dino Hauler Truck,4.7/5,204471,Imaginext Jurassic,£,19.99
Jurassic World Captivz Dominion Mega Egg,nan/5,204354,Jurassic World,£,14.99
Jurassic World Dominion: Ocean Protector Mosasaurus Dinosaur Figure,4.1/5,203681,Jurassic World,£,29.99
Jurassic World Dominion: Super Colossal Giganotosaurus 35.5cm Dinosaur Figure,4.6/5,203684,Jurassic World,£,41.99
LEGO Jurassic World 76951 Pyroraptor & Dilophosaurus Transport,4.9/5,203999,LEGO Jurassic,£,33.99
Jurassic World Dominion: Real FX Baby Blue Dinosaur,4.4/5,207056,Jurassic World,£,79.99
Jurassic Park '93 Electronic Real Feel Tyrannosaurus Rex Dinosaur with Sounds,5.0/5,218696,Jurassic Park,£,39.99
Jurassic World Extreme Chompin' Spinosaurus Dinosaur,4.7/5,193831,Jurassic World,£,29.99
LEGO Jurassic World 76949 Giganotosaurus Attack Dinosaur Toy,4.9/5,203998,LEGO Jurassic,£,99.99
Jurassic World Dinosaur Track Set and 3 Dinosaur Figures,4.6/5,189404,Jurassic World,£,19.99
Jurassic World Colossal Carnotaurus Toro Dinosaur,4.5/5,9025956,Jurassic World,£,34.99
Jurassic World Destroy 'n' Devour Indominus Rex,4.7/5,176011,Jurassic World,£,39.99
Imaginext Jurassic World Dominion: Mega Stomp & Rumble Giga Dinosaur,4.8/5,204472,Imaginext Jurassic,£,49.99
