name,price,brand,instock,rating,rating_count
"LEGO 76946 Jurassic World Blue and Beta Velociraptor Capture with Truck and 2 Dinosaur Toys for Kids, 2022 Dominion Movie Inspired Set",22.99,LEGO,In stock,4.8 out of 5 stars,"2,662 ratings"
"LEGO 76945 Jurassic World Atrociraptor Dinosaur: Bike Chase Set, Dinosaur Toys for Boys, Girls, Kids Age 6 Plus, with 3 Dino Figures and Toy Motorbike",17.99,LEGO,In stock,4.8 out of 5 stars,"1,900 ratings"
"LEGO 76951 Jurassic World Pyroraptor & Dilophosaurus Transport Playset, Dinosaur Toys for Kids 7 Plus Years Old with 2 Dino Figures and Off Roader Truck Toy",31.99,LEGO,In stock,4.8 out of 5 stars,827 ratings
"LEGO 76947 Jurassic World Quetzalcoatlus Plane Ambush Set, with Dinosaur Toy Figure and Airplane Model, 2022 Movie Inspired",32.99,LEGO,In stock,4.8 out of 5 stars,921 ratings
Jurassic World Dominion Sound Slashin Therizinosaurus Dinosaur Toy | Action Figure with Attack Feature and Sounds | Gifts for Kids​​​,11.99,,In stock,4.7 out of 5 stars,371 ratings
"Jurassic World Dominion Dinosaur Toy, Strike N Roar Giganotosaurus, Action Figure with Striking Motion and Sounds​​, GYW86",34.99,,In stock,4.7 out of 5 stars,778 ratings
"Jurassic World Dominion Roar Strikers Sinoceratops Dinosaur Action Figure, Roaring Sound & Head Ram Attack, Physical & Digital Play, 4 Years & Up",9.99,,In stock,4.9 out of 5 stars,10 ratings
"WOW! STUFF Jurassic World Drop 'n Pop Dino - Blue Velociraptor | Dinosaur Egg With Pop-up Plush Toy | Official Dominion Merchandise, Gifts and Toys for Boys and Girls, Aged 5+, Multicoloured",19.0,WOW! STUFF,In stock,4.3 out of 5 stars,481 ratings
"Jurassic World REAL FX Baby Blue Dinosaur Toy | Hyper-Realistic Animatronic Dinosaur | Life-Like Movements and Real Movie Sounds | Jurassic World Dominion Official Toys | Ages 7,8,9 to adult",74.99,WOW! STUFF,Only 1 left in stock,4.9 out of 5 stars,30 ratings
"WOW! PODS Jurassic World Dinosaur Velociraptor Blue | Light-Up Bobble-Head Figure | Official Jurassic World Dominion Merchandise, Toys and Gifts for Boys and Girls, Aged 5+",10.6,WOW! PODS,In stock,4.4 out of 5 stars,185 ratings
"WOW! PODS Jurassic World Dinosaur Triceratops | Light-Up Bobble-Head Figure | Official Jurassic World Dominion Merchandise, Toys and Gifts for Boys and Girls, Aged 5+",9.99,WOW! PODS,Only 3 left in stock,4.4 out of 5 stars,185 ratings
"WOW! PODS Jurassic World Dinosaur Mosasaurus | Light-Up Bobble-Head Figure | Official Jurassic World Dominion Merchandise, Toys and Gifts for Boys and Girls, Aged 5+",12.86,WOW! PODS,In stock,4.4 out of 5 stars,185 ratings
"WOW! PODS Jurassic World Dinosaur Tyrannosaurus | Light-Up Bobble-Head Figure | Official Jurassic World Dominion Merchandise, Toys and Gifts for Boys and Girls, Aged 5+",9.15,WOW! PODS,In stock,4.4 out of 5 stars,185 ratings
"WOW! STUFF Jurassic World Trigger Chomper - T-Rex | Roaring, Light-Up Dinosaur Toy | Official Dominion Merchandise and Gifts for Boys and Girls, Aged 5+, Multicoloured",12.99,WOW! STUFF,In stock,4.6 out of 5 stars,74 ratings
"Jurassic World 10"" (25cm) Chunky Indominus Rex Dinosaur Soft Toy",24.49,Posh Paws,Only 2 left in stock,4.8 out of 5 stars,58 ratings
"Jurassic World HGC19 Tyrannosaurus Rex articulated figurine, movable jaws, scratches on both sides, physical and digital play, children's toy, for ages 4 and above",15.58,,Only 3 left in stock,4.0 out of 5 stars,7 ratings
"Jurassic World Slash ‘N Battle Scorpios Rex Action & Sound Dinosaur Figure, Movable Joints, Slashing & Tail Whip Motions, Roar Sound, Gift 4Y+, HCB03",22.99,,In stock,4.7 out of 5 stars,"3,129 ratings"
"Jurassic World Dominion Roar Strikers Pteranodon Dinosaur Action Figure, Roar Sound & Flying Biting Attack, Physical & Digital Play, 4 Years & Up",9.99,,In stock,4.7 out of 5 stars,246 ratings
"​Jurassic World Dominion Dinosaur T Rex Toy, Thrash ‘N Devour Tyrannosaurus Rex Action Figure with Sound and Motion​​​​, HDY56",27.99,,In stock,4.7 out of 5 stars,"1,007 ratings"
"Jurassic World Dominion Roar Strikers Ichthyovenator Dinosaur Action Figure, Roaring Sound, Chomp Attack, Physical & Digital Play, 4 Years & Up",9.99,,In stock,4.8 out of 5 stars,373 ratings
Jurassic World Smart Watch JRW4102,34.0,,In stock,4.5 out of 5 stars,7 ratings
"KWINY Dinosaur Toys, Kids Dart Board Toys for 4-9 Year Old, with 12 Sticky Balls and 6 Darts, Indoor Outdoor Party Games Boys Toys Party Tossing Game for Kids, Birthday Gifts for Boys Girls Aged 3-10",12.99,,In stock,4.4 out of 5 stars,44 ratings
"LEGO 31058 Creator Mighty Dinosaurs Toy, 3 in 1 Model, T. rex, Triceratops and Pterodactyl Dinosaur Figures, Gifts for 7-12 Year Old Boys & Girls",11.7,LEGO,In stock,4.7 out of 5 stars,"8,409 ratings"
"YouCute Dinosaur Toys 15 Realistic Figures with PlayMat Books Educational 6"" to 10"" Dino Party Supplies for Kids Boys Girls Including T-rex Triceratops Velociraptor Pterosaur",22.99,,In stock,4.5 out of 5 stars,472 ratings
"Jurassic World Dominion Outpost Chaos Playset with 2 Action Figures, 2 Blasters and More, 4ft Long with Breakaway Parts, Toy Gift for Dinosaur Fans​",46.45,,In stock,4.7 out of 5 stars,16 ratings
"Jurassic World Dominion Dinosaur Toy, Brachiosaurus Action Figure 32 Inches Long with Posable Joints, Gift for Kids and Collector, HFK04",49.99,,Only 2 left in stock,4.5 out of 5 stars,71 ratings
"Jurassic World Dominion Roar Strikers Megaraptor Dinosaur Action Figure with Attack Motion and Sound, Toy Gift with Physical and Digital Play​",15.8,,In stock,4.7 out of 5 stars,50 ratings
"Jurassic World Captivz Dominion Mega Egg Mega Fun With Pop n Lock Dinosaur Toys, Slime, Zoom Rider Vehicle, Dominion Game and Battle Tokens",14.99,,In stock,3.9 out of 5 stars,23 ratings
"Remote Control Dinosaur Toys, 2.4GHz Light & Sounds Velociraptor Electric Walking, Rc Dinosaur Toys Powered by Rechargeable Battery, Jurassic Dino Birthday Gifts for Kids 5-9 Years Old",35.99,,In stock,4.2 out of 5 stars,17 ratings
"Remote Control Dinosaur Toys - (Rechargeable) 2.4Ghz RC Walking Robot Velociraptor with LED Eye, Roaring Sound, Shaking Head & Tail, Jurassic Dino Electronic Toys Gifts for Boys & Girls 5-9 Years Old",37.99,,In stock,4.3 out of 5 stars,302 ratings
"Remote Control Dinosaur Toy, 8 Channel 2.4G Tyrannosaurus Rex with Spray Function and Cool 360° Rotating Stunt, It Glows and Makes Realistic Roar, Suitable for 3, 4, 5, 6, 7, 8 Boys and Girls（green）",42.99,,In stock,4.0 out of 5 stars,39 ratings
"Jurassic World Dominion Roar Strikers Iguanadon Dinosaur Action Figure with Attack Motion and Sound, Toy Gift with Physical and Digital Play​",12.99,,In stock,4.9 out of 5 stars,13 ratings
"​Jurassic World Dominion Survival Instincts Dinosaur Toys, set of 4 Action Figures, Blue, Dilophosaurus and Roar Strikers Megaraptor and Pteranodon Figures ​​",37.95,,In stock,4.6 out of 5 stars,79 ratings
"LEGO 76946 Jurassic World Blue and Beta Velociraptor Capture with Truck and 2 Dinosaur Toys for Kids, 2022 Dominion Movie Inspired Set",22.99,LEGO,In stock,4.8 out of 5 stars,"2,662 ratings"
"Jurassic World Dominion Super Colossal Giganotosaurus Action Figure with Eating Feature, Extra Large Toy Dinosaur at 39in Long, GWD68",41.99,,In stock,4.7 out of 5 stars,731 ratings
"Jurassic World Dominion Roar Strikers Triceratops Dinosaur Action Figure with Roaring Sound and Attack Action, Toy Gift Physical & Digital Play ​​​",10.5,,In stock,4.8 out of 5 stars,939 ratings
"LEGO 76946 Jurassic World Blue and Beta Velociraptor Capture with Truck and 2 Dinosaur Toys for Kids, 2022 Dominion Movie Inspired Set",22.99,LEGO,In stock,4.8 out of 5 stars,"2,662 ratings"
JoyKip Dinosaur Toys for Boys & Girls - Educational Realistic Dinosaur Playset Jurassic World Figures with a Play Mat Learning toys for Ages 3+ Birthday,16.99,JoyKip,In stock,4.4 out of 5 stars,40 ratings
"LEGO 76945 Jurassic World Atrociraptor Dinosaur: Bike Chase Set, Dinosaur Toys for Boys, Girls, Kids Age 6 Plus, with 3 Dino Figures and Toy Motorbike",17.99,LEGO,In stock,4.8 out of 5 stars,"1,900 ratings"
"LEGO 76951 Jurassic World Pyroraptor & Dilophosaurus Transport Playset, Dinosaur Toys for Kids 7 Plus Years Old with 2 Dino Figures and Off Roader Truck Toy",31.99,LEGO,In stock,4.8 out of 5 stars,827 ratings
"Fanbusa Dinosaur Toys for Boys Age 3,Toddler Toys for 2 Year Old Boy with 12 Mini Dino,Dinosaurs Transport Car Carrier Truck for Kids 3-5 Years Old, Kids' Play Dinosaur Set Gifts for Girls 1 2 3",12.99,,In stock,4.3 out of 5 stars,81 ratings
"​Jurassic World Dominion Uncaged Rowdy Roars Velociraptor Beta Dinosaur Action Figure, Toy Gift with Interactive Motion and Sound Touch Response​",11.85,,In stock,3.6 out of 5 stars,28 ratings
"​Jurassic World Dominion Roar Strikers Ankylosaurus Dinosaur Action Figure with Roaring Sound and Attack Action, Toy Gift Physical & Digital Play ​​, HDX36",22.99,,Only 11 left in stock,4.7 out of 5 stars,101 ratings
"Jurassic World Camp Cretaceous Control ‘N Conquer Carnotaurus Toro Large Dinosaur, Primal Attack Feature, Sounds, Map & Stickers, Ages 4 Years & Up​ - GNL07",38.99,,In stock,4.7 out of 5 stars,"6,955 ratings"
"Jurassic World JW-HC-14CDU CAPTIVZ HATCHLINGS Edition Eggs with BUILDABLE Baby Dinosaur Toy and Slime. Ideal Present for Boys and Girls. Styles Vary, ONE SUPLKIED at Random",6.0,,In stock,3.0 out of 5 stars,2 ratings
"Jurassic World Dominion Dinosaur Figure Dryptosaurus Wild Roar with Sound & Attack Action, Medium Size Posable, Toy Gift with Connected Digital Play​",15.99,,In stock,4.7 out of 5 stars,50 ratings
Prehistoric World Remote Control Dinosaurs - Full Function 4-Way Walking Raptor Dinosaur - Jurassic Dinosaur Toys For Boys - Rechargable Robot Dinosaur - FREE Controller Batteries (Colour - Blue),19.99,,In stock,4.1 out of 5 stars,51 ratings
"Jurassic World Dominion Roar Strikers Liopluerodon Aquatic Dinosaur Action Figure with Attack Motion and Sound, Toy Gift with Physical and Digital Play​",17.6,,In stock,4.8 out of 5 stars,471 ratings
"Jurassic World Dominion Massive Action Ampelosaurus Dinosaur Action Figure with Motion and Sound, Toy Gift with Physical and Digital Play​",12.99,,In stock,4.8 out of 5 stars,367 ratings
"Jurassic World Dominion Uncaged Rowdy Roars Atrociraptor Dinosaur Action Figure, Toy Gift with Interactive Motion and Sound Touch Response​​​",18.23,,In stock,4.8 out of 5 stars,"1,424 ratings"
"Jurassic World REAL FX Baby Blue Dinosaur Toy | Hyper-Realistic Animatronic Dinosaur | Life-Like Movements and Real Movie Sounds | Jurassic World Dominion Official Toys | Ages 7,8,9 to adult",74.99,WOW! STUFF,Only 1 left in stock,4.9 out of 5 stars,30 ratings
"​Jurassic World Dominion Roar Strikers Skorpiovenator Dinosaur Action Figure with Roaring Sound and Attack Action, Toy Gift Physical & Digital Play ​, HDX37",14.99,,In stock,4.7 out of 5 stars,842 ratings
"Jurassic World Dominion Massive Action Siamosaurus Dinosaur Figure, Attack Action & Chomp, Large Range of Motion, Physical & Digital Play 4 Years & Up",14.81,,In stock,4.8 out of 5 stars,344 ratings
Jurassic World GWN26 Jurassic Park/World Extreme Damage Tyrannosaurus REX,23.67,,Only 10 left in stock,4.7 out of 5 stars,99 ratings
Mattel Jurassic World - Extreme Damage Roarin' Allosaurus (HFK06),24.99,Mattel,In stock,4.7 out of 5 stars,14 ratings
"Rubie's Jurassic World Fallen Kingdom Tyrannosaurus Rex Dinosaur Mask with Movable Jaw, One size",9.99,Rubie's,In stock,3.6 out of 5 stars,342 ratings
"Jurassic World Dominion Claire and Dilophosaurus Human and Dino Pack with 2 Action Figures and Accessories, Toy Gift Set and Collectible",23.0,,In stock,3.6 out of 5 stars,13 ratings
"Jurassic World Dominion Minis Giganotosaurus Rampage Playset with 2 Mini Dinosaur Figures and Break Apart Features, Toy Gift Set ​",15.99,,In stock,4.4 out of 5 stars,422 ratings
Jurassic World Roar Attack Kentrosaurus Dinosaur Dino Figure,18.49,,Only 3 left in stock,4.8 out of 5 stars,431 ratings
"​Jurassic World Dominion Massive Action Yangchuanosaurus Dinosaur Figure with Attack Movement, Toy Gift with Physical and Digital Play​, HDX49",19.99,,Only 12 left in stock,4.7 out of 5 stars,58 ratings
"Jurassic World Extreme Chompin' Spinosaurus Dinosaur Action Figure, Huge Bite, Authentic Decoration, Movable Joints, Ages 4+ - Amazon Exclusive",35.34,,In stock,4.6 out of 5 stars,"3,372 ratings"
"​Jurassic World Dominion Roar Strikers Rajasaurus Dinosaur Action Figure with Roaring Sound and Attack Action, Toy Gift Physical & Digital Play ​, HDX35",12.99,,In stock,4.5 out of 5 stars,116 ratings
"​Jurassic World Dominion Massive Action Quetzalcoatlus Dinosaur Action Figure with Attack Movement, Toy Gift with Physical and Digital Play​",25.97,,In stock,4.6 out of 5 stars,100 ratings
"​Jurassic World Dominion Dinosaur Figure Gigantic Trackers Stegosaurus with Attack Motion & Tracking Gear, Toy Gift with Physical & Digital Play​​, HLP24",23.33,,In stock,4.9 out of 5 stars,26 ratings
"Jurassic World Dominion Uncaged Ultimate Pyroraptor Dinosaur Toy, Action Figure with Interactive Motion and Sound, GYW89",59.99,,Only 5 left in stock,4.8 out of 5 stars,210 ratings
"Tumblin’ Raptors Jurassic World Dominion Game with Movie Inspired Tower, Sticks and Toy Velociraptor Dinosaurs, 5y+, GWP20",22.99,Mattel Games,In stock,4.6 out of 5 stars,280 ratings
"​Jurassic World Dominion Gigantic Tracker Sinotyrannus Large Dinosaur Figure with Attack Motion & Tracking Gear, Toy Gift with Physical & Digital Play​",23.33,,In stock,4.6 out of 5 stars,20 ratings
"Fisher-Price Imaginext Jurassic World Dominion Break Out Dino Hauler, T. Rex Dinosaur and Vehicle Set for Preschool Kids Ages 3 and Up",19.99,Fisher-Price,In stock,4.9 out of 5 stars,20 ratings
"Clementoni 80512 Supercolor Jurassic World Dominion-104 Pieces-Children Jigsaw Puzzle Age 6, Made in Italy, Multicolour",6.79,Clementoni,In stock,4.5 out of 5 stars,41 ratings
Jurassic World Kids Backpack Dinosaur Blue,19.95,,In stock,4.6 out of 5 stars,"1,235 ratings"
Jurassic World Roar Attack Ceratosaurus - Dinosaur Figure with Movable Joints - Strike Action - 3 Sound Levels - App Compatible - Gift for Kids 4+ - HCL92,14.99,,In stock,4.7 out of 5 stars,"1,219 ratings"
Jurassic World HLP18 Toy,16.99,,In stock,4.8 out of 5 stars,5 ratings
