,name,price,brand,instock,rating,rating_count
0,"LEGO 76946 Jurassic World Blue and Beta Velociraptor Capture with Truck and 2 Dinosaur Toys for Kids, 2022 Dominion Movie Inspired Set",£22.99£22.99,Visit the LEGO Store,In stock,4.8 out of 5 stars,"2,662 ratings"
1,"LEGO 76945 Jurassic World Atrociraptor Dinosaur: Bike Chase Set, Dinosaur Toys for Boys, Girls, Kids Age 6 Plus, with 3 Dino Figures and Toy Motorbike",£17.99£17.99,Visit the LEGO Store,In stock,4.8 out of 5 stars,"1,900 ratings"
2,"LEGO 76951 Jurassic World Pyroraptor & Dilophosaurus Transport Playset, Dinosaur Toys for Kids 7 Plus Years Old with 2 Dino Figures and Off Roader Truck Toy",£31.99£31.99,Visit the LEGO Store,In stock,4.8 out of 5 stars,827 ratings
3,"LEGO 76947 Jurassic World Quetzalcoatlus Plane Ambush Set, with Dinosaur Toy Figure and Airplane Model, 2022 Movie Inspired",£32.99£32.99,Visit the LEGO Store,In stock,4.8 out of 5 stars,921 ratings
4,Jurassic World Dominion Sound Slashin Therizinosaurus Dinosaur Toy | Action Figure with Attack Feature and Sounds | Gifts for Kids​​​,£11.99£11.99,Brand: Jurassic World,In stock,4.7 out of 5 stars,371 ratings
5,"Jurassic World Dominion Dinosaur Toy, Strike N Roar Giganotosaurus, Action Figure with Striking Motion and Sounds​​, GYW86",£34.99£34.99,Brand: Jurassic World,In stock,4.7 out of 5 stars,778 ratings
6,"Jurassic World Dominion Roar Strikers Sinoceratops Dinosaur Action Figure, Roaring Sound & Head Ram Attack, Physical & Digital Play, 4 Years & Up",£9.99£9.99,Brand: Jurassic World,In stock,4.9 out of 5 stars,10 ratings
7,"WOW! STUFF Jurassic World Drop 'n Pop Dino - Blue Velociraptor | Dinosaur Egg With Pop-up Plush Toy | Official Dominion Merchandise, Gifts and Toys for Boys and Girls, Aged 5+, Multicoloured",£19.00£19.00,Visit the WOW! STUFF Store,In stock,4.3 out of 5 stars,481 ratings
8,"Jurassic World REAL FX Baby Blue Dinosaur Toy | Hyper-Realistic Animatronic Dinosaur | Life-Like Movements and Real Movie Sounds | Jurassic World Dominion Official Toys | Ages 7,8,9 to adult",£74.99£74.99,Visit the WOW! STUFF Store,Only 1 left in stock,4.9 out of 5 stars,30 ratings
9,"WOW! PODS Jurassic World Dinosaur Velociraptor Blue | Light-Up Bobble-Head Figure | Official Jurassic World Dominion Merchandise, Toys and Gifts for Boys and Girls, Aged 5+",£10.60£10.60,Visit the WOW! PODS Store,In stock,4.4 out of 5 stars,185 ratings
10,"WOW! PODS Jurassic World Dinosaur Triceratops | Light-Up Bobble-Head Figure | Official Jurassic World Dominion Merchandise, Toys and Gifts for Boys and Girls, Aged 5+",£9.99£9.99,Visit the WOW! PODS Store,Only 3 left in stock,4.4 out of 5 stars,185 ratings
11,"WOW! PODS Jurassic World Dinosaur Mosasaurus | Light-Up Bobble-Head Figure | Official Jurassic World Dominion Merchandise, Toys and Gifts for Boys and Girls, Aged 5+",£12.86£12.86,Visit the WOW! PODS Store,In stock,4.4 out of 5 stars,185 ratings
12,"WOW! PODS Jurassic World Dinosaur Tyrannosaurus | Light-Up Bobble-Head Figure | Official Jurassic World Dominion Merchandise, Toys and Gifts for Boys and Girls, Aged 5+",£9.15£9.15,Visit the WOW! PODS Store,In stock,4.4 out of 5 stars,185 ratings
13,"WOW! STUFF Jurassic World Trigger Chomper - T-Rex | Roaring, Light-Up Dinosaur Toy | Official Dominion Merchandise and Gifts for Boys and Girls, Aged 5+, Multicoloured",£12.99£12.99,Visit the WOW! STUFF Store,In stock,4.6 out of 5 stars,74 ratings
14,"Jurassic World 10"" (25cm) Chunky Indominus Rex Dinosaur Soft Toy",£24.49£24.49,Visit the Posh Paws Store,Only 2 left in stock,4.8 out of 5 stars,58 ratings
15,"Jurassic World HGC19 Tyrannosaurus Rex articulated figurine, movable jaws, scratches on both sides, physical and digital play, children's toy, for ages 4 and above",£15.58£15.58,Brand: Jurassic World,Only 3 left in stock,4.0 out of 5 stars,7 ratings
16,"Jurassic World Slash ‘N Battle Scorpios Rex Action & Sound Dinosaur Figure, Movable Joints, Slashing & Tail Whip Motions, Roar Sound, Gift 4Y+, HCB03",£22.99£22.99,Format:Accessory,In stock,4.7 out of 5 stars,"3,129 ratings"
17,"Jurassic World Dominion Roar Strikers Pteranodon Dinosaur Action Figure, Roar Sound & Flying Biting Attack, Physical & Digital Play, 4 Years & Up",£9.99£9.99,Brand: Jurassic World,In stock,4.7 out of 5 stars,246 ratings
18,"​Jurassic World Dominion Dinosaur T Rex Toy, Thrash ‘N Devour Tyrannosaurus Rex Action Figure with Sound and Motion​​​​, HDY56",£27.99£27.99,Brand: Jurassic World,In stock,4.7 out of 5 stars,"1,007 ratings"
19,"Jurassic World Dominion Roar Strikers Ichthyovenator Dinosaur Action Figure, Roaring Sound, Chomp Attack, Physical & Digital Play, 4 Years & Up",£9.99£9.99,Brand: Jurassic World,In stock,4.8 out of 5 stars,373 ratings
20,Jurassic World Smart Watch JRW4102,£34.00£34.00,Brand: Jurassic World,In stock,4.5 out of 5 stars,7 ratings
21,"KWINY Dinosaur Toys, Kids Dart Board Toys for 4-9 Year Old, with 12 Sticky Balls and 6 Darts, Indoor Outdoor Party Games Boys Toys Party Tossing Game for Kids, Birthday Gifts for Boys Girls Aged 3-10",£12.99£12.99,Brand: KWINY,In stock,4.4 out of 5 stars,44 ratings
22,"LEGO 31058 Creator Mighty Dinosaurs Toy, 3 in 1 Model, T. rex, Triceratops and Pterodactyl Dinosaur Figures, Gifts for 7-12 Year Old Boys & Girls",£11.70£11.70,Visit the LEGO Store,In stock,4.7 out of 5 stars,"8,409 ratings"
23,"YouCute Dinosaur Toys 15 Realistic Figures with PlayMat Books Educational 6"" to 10"" Dino Party Supplies for Kids Boys Girls Including T-rex Triceratops Velociraptor Pterosaur",£22.99£22.99,Brand: YouCute,In stock,4.5 out of 5 stars,472 ratings
24,"Jurassic World Dominion Outpost Chaos Playset with 2 Action Figures, 2 Blasters and More, 4ft Long with Breakaway Parts, Toy Gift for Dinosaur Fans​",£46.45£46.45,Brand: Jurassic World,In stock,4.7 out of 5 stars,16 ratings
25,"Jurassic World Dominion Dinosaur Toy, Brachiosaurus Action Figure 32 Inches Long with Posable Joints, Gift for Kids and Collector, HFK04",£49.99£49.99,Brand: Jurassic World,Only 2 left in stock,4.5 out of 5 stars,71 ratings
26,"Jurassic World Dominion Roar Strikers Megaraptor Dinosaur Action Figure with Attack Motion and Sound, Toy Gift with Physical and Digital Play​",£15.80£15.80,Brand: Jurassic World,In stock,4.7 out of 5 stars,50 ratings
27,"Jurassic World Captivz Dominion Mega Egg Mega Fun With Pop n Lock Dinosaur Toys, Slime, Zoom Rider Vehicle, Dominion Game and Battle Tokens",£14.99£14.99,Brand: Jurassic World,In stock,3.9 out of 5 stars,23 ratings
28,"Remote Control Dinosaur Toys, 2.4GHz Light & Sounds Velociraptor Electric Walking, Rc Dinosaur Toys Powered by Rechargeable Battery, Jurassic Dino Birthday Gifts for Kids 5-9 Years Old",£35.99£35.99,Brand: Lovememes,In stock,4.2 out of 5 stars,17 ratings
29,"Remote Control Dinosaur Toys - (Rechargeable) 2.4Ghz RC Walking Robot Velociraptor with LED Eye, Roaring Sound, Shaking Head & Tail, Jurassic Dino Electronic Toys Gifts for Boys & Girls 5-9 Years Old",£37.99£37.99,Brand: EARSOON,In stock,4.3 out of 5 stars,302 ratings
30,"Remote Control Dinosaur Toy, 8 Channel 2.4G Tyrannosaurus Rex with Spray Function and Cool 360° Rotating Stunt, It Glows and Makes Realistic Roar, Suitable for 3, 4, 5, 6, 7, 8 Boys and Girls（green）",£42.99£42.99,Brand: EPPO,In stock,4.0 out of 5 stars,39 ratings
31,"Jurassic World Dominion Roar Strikers Iguanadon Dinosaur Action Figure with Attack Motion and Sound, Toy Gift with Physical and Digital Play​",£12.99£12.99,Brand: Jurassic World,In stock,4.9 out of 5 stars,13 ratings
32,"​Jurassic World Dominion Survival Instincts Dinosaur Toys, set of 4 Action Figures, Blue, Dilophosaurus and Roar Strikers Megaraptor and Pteranodon Figures ​​",£37.95£37.95,Brand: Jurassic World,In stock,4.6 out of 5 stars,79 ratings
33,"LEGO 76946 Jurassic World Blue and Beta Velociraptor Capture with Truck and 2 Dinosaur Toys for Kids, 2022 Dominion Movie Inspired Set",£22.99£22.99,Visit the LEGO Store,In stock,4.8 out of 5 stars,"2,662 ratings"
34,"Jurassic World Dominion Super Colossal Giganotosaurus Action Figure with Eating Feature, Extra Large Toy Dinosaur at 39in Long, GWD68",£41.99£41.99,Brand: Jurassic World,In stock,4.7 out of 5 stars,731 ratings
35,"Jurassic World Dominion Roar Strikers Triceratops Dinosaur Action Figure with Roaring Sound and Attack Action, Toy Gift Physical & Digital Play ​​​",£10.50£10.50,Brand: Jurassic World,In stock,4.8 out of 5 stars,939 ratings
36,"LEGO 76946 Jurassic World Blue and Beta Velociraptor Capture with Truck and 2 Dinosaur Toys for Kids, 2022 Dominion Movie Inspired Set",£22.99£22.99,Visit the LEGO Store,In stock,4.8 out of 5 stars,"2,662 ratings"
37,JoyKip Dinosaur Toys for Boys & Girls - Educational Realistic Dinosaur Playset Jurassic World Figures with a Play Mat Learning toys for Ages 3+ Birthday,£16.99£16.99,Visit the JoyKip Store,In stock,4.4 out of 5 stars,40 ratings
38,"LEGO 76945 Jurassic World Atrociraptor Dinosaur: Bike Chase Set, Dinosaur Toys for Boys, Girls, Kids Age 6 Plus, with 3 Dino Figures and Toy Motorbike",£17.99£17.99,Visit the LEGO Store,In stock,4.8 out of 5 stars,"1,900 ratings"
39,"LEGO 76951 Jurassic World Pyroraptor & Dilophosaurus Transport Playset, Dinosaur Toys for Kids 7 Plus Years Old with 2 Dino Figures and Off Roader Truck Toy",£31.99£31.99,Visit the LEGO Store,In stock,4.8 out of 5 stars,827 ratings
40,"Fanbusa Dinosaur Toys for Boys Age 3,Toddler Toys for 2 Year Old Boy with 12 Mini Dino,Dinosaurs Transport Car Carrier Truck for Kids 3-5 Years Old, Kids' Play Dinosaur Set Gifts for Girls 1 2 3",£12.99£12.99,Brand: Fanbusa,In stock,4.3 out of 5 stars,81 ratings
41,"​Jurassic World Dominion Uncaged Rowdy Roars Velociraptor Beta Dinosaur Action Figure, Toy Gift with Interactive Motion and Sound Touch Response​",£11.85£11.85,Brand: Jurassic World,In stock,3.6 out of 5 stars,28 ratings
42,"​Jurassic World Dominion Roar Strikers Ankylosaurus Dinosaur Action Figure with Roaring Sound and Attack Action, Toy Gift Physical & Digital Play ​​, HDX36",£22.99£22.99,Brand: Jurassic World,Only 11 left in stock,4.7 out of 5 stars,101 ratings
43,"Jurassic World Camp Cretaceous Control ‘N Conquer Carnotaurus Toro Large Dinosaur, Primal Attack Feature, Sounds, Map & Stickers, Ages 4 Years & Up​ - GNL07",£38.99£38.99,Brand: Jurassic World,In stock,4.7 out of 5 stars,"6,955 ratings"
44,"Jurassic World JW-HC-14CDU CAPTIVZ HATCHLINGS Edition Eggs with BUILDABLE Baby Dinosaur Toy and Slime. Ideal Present for Boys and Girls. Styles Vary, ONE SUPLKIED at Random",£6.00£6.00,Brand: Jurassic World,In stock,3.0 out of 5 stars,2 ratings
45,"Jurassic World Dominion Dinosaur Figure Dryptosaurus Wild Roar with Sound & Attack Action, Medium Size Posable, Toy Gift with Connected Digital Play​",£15.99£15.99,Brand: Jurassic World,In stock,4.7 out of 5 stars,50 ratings
46,Prehistoric World Remote Control Dinosaurs - Full Function 4-Way Walking Raptor Dinosaur - Jurassic Dinosaur Toys For Boys - Rechargable Robot Dinosaur - FREE Controller Batteries (Colour - Blue),£19.99£19.99,Brand: Prehistoric World,In stock,4.1 out of 5 stars,51 ratings
47,"Jurassic World Dominion Roar Strikers Liopluerodon Aquatic Dinosaur Action Figure with Attack Motion and Sound, Toy Gift with Physical and Digital Play​",£17.60£17.60,Brand: Jurassic World,In stock,4.8 out of 5 stars,471 ratings
48,"Jurassic World Dominion Massive Action Ampelosaurus Dinosaur Action Figure with Motion and Sound, Toy Gift with Physical and Digital Play​",£12.99£12.99,Brand: Jurassic World,In stock,4.8 out of 5 stars,367 ratings
49,"Jurassic World Dominion Uncaged Rowdy Roars Atrociraptor Dinosaur Action Figure, Toy Gift with Interactive Motion and Sound Touch Response​​​",£18.23£18.23,Brand: Jurassic World,In stock,4.8 out of 5 stars,"1,424 ratings"
50,"Jurassic World REAL FX Baby Blue Dinosaur Toy | Hyper-Realistic Animatronic Dinosaur | Life-Like Movements and Real Movie Sounds | Jurassic World Dominion Official Toys | Ages 7,8,9 to adult",£74.99£74.99,Visit the WOW! STUFF Store,Only 1 left in stock,4.9 out of 5 stars,30 ratings
51,"​Jurassic World Dominion Roar Strikers Skorpiovenator Dinosaur Action Figure with Roaring Sound and Attack Action, Toy Gift Physical & Digital Play ​, HDX37",£14.99£14.99,Brand: Jurassic World,In stock,4.7 out of 5 stars,842 ratings
52,"Jurassic World Dominion Massive Action Siamosaurus Dinosaur Figure, Attack Action & Chomp, Large Range of Motion, Physical & Digital Play 4 Years & Up",£14.81£14.81,Brand: Jurassic World,In stock,4.8 out of 5 stars,344 ratings
53,Jurassic World GWN26 Jurassic Park/World Extreme Damage Tyrannosaurus REX,£23.67£23.67,Brand: Jurassic World,Only 10 left in stock,4.7 out of 5 stars,99 ratings
54,Mattel Jurassic World - Extreme Damage Roarin' Allosaurus (HFK06),£24.99£24.99,Visit the Mattel Store,In stock,4.7 out of 5 stars,14 ratings
55,"Rubie's Jurassic World Fallen Kingdom Tyrannosaurus Rex Dinosaur Mask with Movable Jaw, One size",£9.99£9.99,Visit the Rubie's Store,In stock,3.6 out of 5 stars,342 ratings
56,"Jurassic World Dominion Claire and Dilophosaurus Human and Dino Pack with 2 Action Figures and Accessories, Toy Gift Set and Collectible",£23.00£23.00,Brand: Jurassic World Toys,In stock,3.6 out of 5 stars,13 ratings
57,"Jurassic World Dominion Minis Giganotosaurus Rampage Playset with 2 Mini Dinosaur Figures and Break Apart Features, Toy Gift Set ​",£15.99£15.99,Brand: Jurassic World,In stock,4.4 out of 5 stars,422 ratings
58,Jurassic World Roar Attack Kentrosaurus Dinosaur Dino Figure,£18.49£18.49,Brand: Jurassic World,Only 3 left in stock,4.8 out of 5 stars,431 ratings
59,"​Jurassic World Dominion Massive Action Yangchuanosaurus Dinosaur Figure with Attack Movement, Toy Gift with Physical and Digital Play​, HDX49",£19.99£19.99,Brand: Jurassic World,Only 12 left in stock,4.7 out of 5 stars,58 ratings
60,"Jurassic World Extreme Chompin' Spinosaurus Dinosaur Action Figure, Huge Bite, Authentic Decoration, Movable Joints, Ages 4+ - Amazon Exclusive",£35.34£35.34,Brand: Jurassic World,In stock,4.6 out of 5 stars,"3,372 ratings"
61,"​Jurassic World Dominion Roar Strikers Rajasaurus Dinosaur Action Figure with Roaring Sound and Attack Action, Toy Gift Physical & Digital Play ​, HDX35",£12.99£12.99,Brand: Jurassic World,In stock,4.5 out of 5 stars,116 ratings
62,"​Jurassic World Dominion Massive Action Quetzalcoatlus Dinosaur Action Figure with Attack Movement, Toy Gift with Physical and Digital Play​",£25.97£25.97,Brand: Jurassic World,In stock,4.6 out of 5 stars,100 ratings
63,"​Jurassic World Dominion Dinosaur Figure Gigantic Trackers Stegosaurus with Attack Motion & Tracking Gear, Toy Gift with Physical & Digital Play​​, HLP24",£23.33£23.33,Brand: Jurassic World,In stock,4.9 out of 5 stars,26 ratings
64,"Jurassic World Dominion Uncaged Ultimate Pyroraptor Dinosaur Toy, Action Figure with Interactive Motion and Sound, GYW89",£59.99£59.99,Brand: Jurassic World,Only 5 left in stock,4.8 out of 5 stars,210 ratings
65,"Tumblin’ Raptors Jurassic World Dominion Game with Movie Inspired Tower, Sticks and Toy Velociraptor Dinosaurs, 5y+, GWP20",£22.99£22.99,Visit the Mattel Games Store,In stock,4.6 out of 5 stars,280 ratings
66,"​Jurassic World Dominion Gigantic Tracker Sinotyrannus Large Dinosaur Figure with Attack Motion & Tracking Gear, Toy Gift with Physical & Digital Play​",£23.33£23.33,Brand: Jurassic World,In stock,4.6 out of 5 stars,20 ratings
67,"Fisher-Price Imaginext Jurassic World Dominion Break Out Dino Hauler, T. Rex Dinosaur and Vehicle Set for Preschool Kids Ages 3 and Up",£19.99£19.99,Visit the Fisher-Price Store,In stock,4.9 out of 5 stars,20 ratings
68,"Clementoni 80512 Supercolor Jurassic World Dominion-104 Pieces-Children Jigsaw Puzzle Age 6, Made in Italy, Multicolour",£6.79£6.79,Visit the Clementoni Store,In stock,4.5 out of 5 stars,41 ratings
69,Jurassic World Kids Backpack Dinosaur Blue,£19.95£19.95,Brand: Jurassic World,In stock,4.6 out of 5 stars,"1,235 ratings"
70,Jurassic World Roar Attack Ceratosaurus - Dinosaur Figure with Movable Joints - Strike Action - 3 Sound Levels - App Compatible - Gift for Kids 4+ - HCL92,£14.99£14.99,Brand: Jurassic World,In stock,4.7 out of 5 stars,"1,219 ratings"
71,Jurassic World HLP18 Toy,£16.99£16.99,Brand: Jurassic World,In stock,4.8 out of 5 stars,5 ratings
